from_date,to_date,count,amount,state
2020-04-01,2020-06-28,6,1360.0,andaman-&-nicobar-islands
2020-07-01,2020-09-28,41,15380.0,andaman-&-nicobar-islands
2020-10-01,2020-12-28,124,157975.0,andaman-&-nicobar-islands
2021-01-01,2021-03-28,225,244266.0,andaman-&-nicobar-islands
2021-04-01,2021-06-28,137,181504.0,andaman-&-nicobar-islands
2021-07-01,2021-09-28,230,305235.0,andaman-&-nicobar-islands
2021-10-01,2021-12-28,757,1056380.0,andaman-&-nicobar-islands
2022-01-01,2022-03-28,768,1131287.0,andaman-&-nicobar-islands
2022-04-01,2022-06-28,501,779740.0,andaman-&-nicobar-islands
2022-07-01,2022-09-28,643,902466.0,andaman-&-nicobar-islands
2022-10-01,2022-12-28,901,1441210.0,andaman-&-nicobar-islands
2023-01-01,2023-03-28,1004,1439198.0,andaman-&-nicobar-islands
2023-04-01,2023-06-28,768,1233395.0,andaman-&-nicobar-islands
2023-07-01,2023-09-28,795,1251145.0,andaman-&-nicobar-islands
2023-10-01,2023-12-28,1145,1757821.0,andaman-&-nicobar-islands
2024-01-01,2024-03-28,1371,1964556.0,andaman-&-nicobar-islands
2024-04-01,2024-06-28,1097,1744694.0,andaman-&-nicobar-islands
2024-07-01,2024-09-28,1191,1752800.0,andaman-&-nicobar-islands
2024-10-01,2024-12-28,1293,2026380.0,andaman-&-nicobar-islands
2020-04-01,2020-06-28,22104,3982391.0,andhra-pradesh
2020-07-01,2020-09-28,49812,12426481.0,andhra-pradesh
2020-10-01,2020-12-28,21464,12985632.0,andhra-pradesh
2021-01-01,2021-03-28,22105,12749874.0,andhra-pradesh
2021-04-01,2021-06-28,33205,22730687.0,andhra-pradesh
2021-07-01,2021-09-28,23075,19914338.0,andhra-pradesh
2021-10-01,2021-12-28,25423,31610335.0,andhra-pradesh
2022-01-01,2022-03-28,29954,42648157.0,andhra-pradesh
2022-04-01,2022-06-28,32185,41708072.0,andhra-pradesh
2022-07-01,2022-09-28,39301,48791931.0,andhra-pradesh
2022-10-01,2022-12-28,44329,58043239.0,andhra-pradesh
2023-01-01,2023-03-28,34920,51963355.0,andhra-pradesh
2023-04-01,2023-06-28,36376,52067478.0,andhra-pradesh
2023-07-01,2023-09-28,43150,57802396.0,andhra-pradesh
2023-10-01,2023-12-28,41798,62342423.0,andhra-pradesh
2024-01-01,2024-03-28,46582,63563802.0,andhra-pradesh
2024-04-01,2024-06-28,42547,62948281.0,andhra-pradesh
2024-07-01,2024-09-28,48014,73915199.0,andhra-pradesh
2024-10-01,2024-12-28,61425,80028914.0,andhra-pradesh
2020-04-01,2020-06-28,65,14329.0,arunachal-pradesh
2020-07-01,2020-09-28,135,39687.0,arunachal-pradesh
2020-10-01,2020-12-28,125,84247.0,arunachal-pradesh
2021-01-01,2021-03-28,194,131611.0,arunachal-pradesh
2021-04-01,2021-06-28,204,224928.0,arunachal-pradesh
2021-07-01,2021-09-28,212,371051.0,arunachal-pradesh
2021-10-01,2021-12-28,320,598459.0,arunachal-pradesh
2022-01-01,2022-03-28,355,894107.0,arunachal-pradesh
2022-04-01,2022-06-28,564,1360231.0,arunachal-pradesh
2022-07-01,2022-09-28,510,1300304.0,arunachal-pradesh
2022-10-01,2022-12-28,613,1464572.0,arunachal-pradesh
2023-01-01,2023-03-28,606,1747475.0,arunachal-pradesh
2023-04-01,2023-06-28,696,2095988.0,arunachal-pradesh
2023-07-01,2023-09-28,718,1904786.0,arunachal-pradesh
2023-10-01,2023-12-28,809,2105408.0,arunachal-pradesh
2024-01-01,2024-03-28,1100,2419700.0,arunachal-pradesh
2024-04-01,2024-06-28,1147,2353015.0,arunachal-pradesh
2024-07-01,2024-09-28,842,1951385.0,arunachal-pradesh
2024-10-01,2024-12-28,999,2359472.0,arunachal-pradesh
2020-04-01,2020-06-28,978,210034.0,assam
2020-07-01,2020-09-28,2206,599450.0,assam
2020-10-01,2020-12-28,2413,1806801.0,assam
2021-01-01,2021-03-28,3167,2334419.0,assam
2021-04-01,2021-06-28,3265,3008122.0,assam
2021-07-01,2021-09-28,4495,6010865.0,assam
2021-10-01,2021-12-28,8622,13962068.0,assam
2022-01-01,2022-03-28,16230,27447766.0,assam
2022-04-01,2022-06-28,9228,15357811.0,assam
2022-07-01,2022-09-28,14149,22543564.0,assam
2022-10-01,2022-12-28,18826,29239168.0,assam
2023-01-01,2023-03-28,22100,36963888.0,assam
2023-04-01,2023-06-28,16475,28368139.0,assam
2023-07-01,2023-09-28,22593,35618158.0,assam
2023-10-01,2023-12-28,23168,38731734.0,assam
2024-01-01,2024-03-28,33097,48107248.0,assam
2024-04-01,2024-06-28,22368,34796603.0,assam
2024-07-01,2024-09-28,17633,31388971.0,assam
2024-10-01,2024-12-28,21805,35336229.0,assam
2020-04-01,2020-06-28,2816,595621.0,bihar
2020-07-01,2020-09-28,9733,2161102.0,bihar
2020-10-01,2020-12-28,9913,7860932.0,bihar
2021-01-01,2021-03-28,12554,8796619.0,bihar
2021-04-01,2021-06-28,14301,13301581.0,bihar
2021-07-01,2021-09-28,18030,18234941.0,bihar
2021-10-01,2021-12-28,22456,27313813.0,bihar
2022-01-01,2022-03-28,20253,27755736.0,bihar
2022-04-01,2022-06-28,21892,28212833.0,bihar
2022-07-01,2022-09-28,28511,34704251.0,bihar
2022-10-01,2022-12-28,33895,43914519.0,bihar
2023-01-01,2023-03-28,26929,38746711.0,bihar
2023-04-01,2023-06-28,29212,40354886.0,bihar
2023-07-01,2023-09-28,36550,45832355.0,bihar
2023-10-01,2023-12-28,41447,57624322.0,bihar
2024-01-01,2024-03-28,51592,63844442.0,bihar
2024-04-01,2024-06-28,49101,65285065.0,bihar
2024-07-01,2024-09-28,44745,62777286.0,bihar
2024-10-01,2024-12-28,62662,83739800.0,bihar
2020-04-01,2020-06-28,149,29537.0,chandigarh
2020-07-01,2020-09-28,264,70969.0,chandigarh
2020-10-01,2020-12-28,200,153341.0,chandigarh
2021-01-01,2021-03-28,338,238576.0,chandigarh
2021-04-01,2021-06-28,378,310943.0,chandigarh
2021-07-01,2021-09-28,494,469634.0,chandigarh
2021-10-01,2021-12-28,710,835813.0,chandigarh
2022-01-01,2022-03-28,792,1150932.0,chandigarh
2022-04-01,2022-06-28,1330,1874959.0,chandigarh
2022-07-01,2022-09-28,1533,1998439.0,chandigarh
2022-10-01,2022-12-28,1403,2024528.0,chandigarh
2023-01-01,2023-03-28,1520,2415574.0,chandigarh
2023-04-01,2023-06-28,1704,2501107.0,chandigarh
2023-07-01,2023-09-28,1883,2660630.0,chandigarh
2023-10-01,2023-12-28,1767,3053934.0,chandigarh
2024-01-01,2024-03-28,1730,3143984.0,chandigarh
2024-04-01,2024-06-28,1798,3177315.0,chandigarh
2024-07-01,2024-09-28,1991,3445738.0,chandigarh
2024-10-01,2024-12-28,2095,3729932.0,chandigarh
2020-04-01,2020-06-28,1346,279005.0,chhattisgarh
2020-07-01,2020-09-28,4702,1393656.0,chhattisgarh
2020-10-01,2020-12-28,3757,2249901.0,chhattisgarh
2021-01-01,2021-03-28,4712,2620468.0,chhattisgarh
2021-04-01,2021-06-28,5055,3813417.0,chhattisgarh
2021-07-01,2021-09-28,4676,3568837.0,chhattisgarh
2021-10-01,2021-12-28,6029,8229039.0,chhattisgarh
2022-01-01,2022-03-28,6612,10139190.0,chhattisgarh
2022-04-01,2022-06-28,7008,10119964.0,chhattisgarh
2022-07-01,2022-09-28,8849,12119470.0,chhattisgarh
2022-10-01,2022-12-28,11994,18137856.0,chhattisgarh
2023-01-01,2023-03-28,10460,16577191.0,chhattisgarh
2023-04-01,2023-06-28,10514,16389610.0,chhattisgarh
2023-07-01,2023-09-28,11927,17838382.0,chhattisgarh
2023-10-01,2023-12-28,17300,29704673.0,chhattisgarh
2024-01-01,2024-03-28,19579,30083259.0,chhattisgarh
2024-04-01,2024-06-28,15724,25935743.0,chhattisgarh
2024-07-01,2024-09-28,16550,27724060.0,chhattisgarh
2024-10-01,2024-12-28,22723,37421165.0,chhattisgarh
2020-04-01,2020-06-28,651,101029.0,dadra-&-nagar-haveli-&-daman-&-diu
2020-07-01,2020-09-28,257,65504.0,dadra-&-nagar-haveli-&-daman-&-diu
2020-10-01,2020-12-28,232,149513.0,dadra-&-nagar-haveli-&-daman-&-diu
2021-01-01,2021-03-28,467,285691.0,dadra-&-nagar-haveli-&-daman-&-diu
2021-04-01,2021-06-28,368,275638.0,dadra-&-nagar-haveli-&-daman-&-diu
2021-07-01,2021-09-28,360,273596.0,dadra-&-nagar-haveli-&-daman-&-diu
2021-10-01,2021-12-28,421,425384.0,dadra-&-nagar-haveli-&-daman-&-diu
2022-01-01,2022-03-28,493,720741.0,dadra-&-nagar-haveli-&-daman-&-diu
2022-04-01,2022-06-28,438,686857.0,dadra-&-nagar-haveli-&-daman-&-diu
2022-07-01,2022-09-28,707,983776.0,dadra-&-nagar-haveli-&-daman-&-diu
2022-10-01,2022-12-28,871,1272628.0,dadra-&-nagar-haveli-&-daman-&-diu
2023-01-01,2023-03-28,799,1215168.0,dadra-&-nagar-haveli-&-daman-&-diu
2023-04-01,2023-06-28,694,1058753.0,dadra-&-nagar-haveli-&-daman-&-diu
2023-07-01,2023-09-28,969,1333103.0,dadra-&-nagar-haveli-&-daman-&-diu
2023-10-01,2023-12-28,1207,1973867.0,dadra-&-nagar-haveli-&-daman-&-diu
2024-01-01,2024-03-28,1295,1908509.0,dadra-&-nagar-haveli-&-daman-&-diu
2024-04-01,2024-06-28,1008,1367259.0,dadra-&-nagar-haveli-&-daman-&-diu
2024-07-01,2024-09-28,1052,1602869.0,dadra-&-nagar-haveli-&-daman-&-diu
2024-10-01,2024-12-28,1503,2292529.0,dadra-&-nagar-haveli-&-daman-&-diu
2020-04-01,2020-06-28,11716,1897480.0,delhi
2020-07-01,2020-09-28,7588,1927285.0,delhi
2020-10-01,2020-12-28,9725,8045442.0,delhi
2021-01-01,2021-03-28,12822,9655261.0,delhi
2021-04-01,2021-06-28,13292,10840929.0,delhi
2021-07-01,2021-09-28,16679,15007079.0,delhi
2021-10-01,2021-12-28,34251,36578331.0,delhi
2022-01-01,2022-03-28,28232,35442069.0,delhi
2022-04-01,2022-06-28,26378,31787281.0,delhi
2022-07-01,2022-09-28,35944,41570160.0,delhi
2022-10-01,2022-12-28,48908,60603173.0,delhi
2023-01-01,2023-03-28,45821,61040038.0,delhi
2023-04-01,2023-06-28,41358,54951108.0,delhi
2023-07-01,2023-09-28,47113,58878500.0,delhi
2023-10-01,2023-12-28,56336,77332401.0,delhi
2024-01-01,2024-03-28,53050,76232346.0,delhi
2024-04-01,2024-06-28,46189,68046072.0,delhi
2024-07-01,2024-09-28,49150,71139489.0,delhi
2024-10-01,2024-12-28,67962,94390728.0,delhi
2020-04-01,2020-06-28,341,71100.0,goa
2020-07-01,2020-09-28,683,196864.0,goa
2020-10-01,2020-12-28,614,682364.0,goa
2021-01-01,2021-03-28,879,827384.0,goa
2021-04-01,2021-06-28,1016,1028339.0,goa
2021-07-01,2021-09-28,1214,1385986.0,goa
2021-10-01,2021-12-28,2087,2737316.0,goa
2022-01-01,2022-03-28,2634,3865245.0,goa
2022-04-01,2022-06-28,3524,5093510.0,goa
2022-07-01,2022-09-28,3157,4142108.0,goa
2022-10-01,2022-12-28,4388,6190669.0,goa
2023-01-01,2023-03-28,4097,5859549.0,goa
2023-04-01,2023-06-28,4166,5930801.0,goa
2023-07-01,2023-09-28,3927,5646054.0,goa
2023-10-01,2023-12-28,4883,7411001.0,goa
2024-01-01,2024-03-28,5225,7528093.0,goa
2024-04-01,2024-06-28,5021,7178558.0,goa
2024-07-01,2024-09-28,5354,8051690.0,goa
2024-10-01,2024-12-28,6662,9903374.0,goa
2020-04-01,2020-06-28,7697,1430591.0,gujarat
2020-07-01,2020-09-28,12525,3335812.0,gujarat
2020-10-01,2020-12-28,9990,6055037.0,gujarat
2021-01-01,2021-03-28,12673,7288104.0,gujarat
2021-04-01,2021-06-28,14676,10263998.0,gujarat
2021-07-01,2021-09-28,15348,12341903.0,gujarat
2021-10-01,2021-12-28,19142,23282921.0,gujarat
2022-01-01,2022-03-28,22221,29953433.0,gujarat
2022-04-01,2022-06-28,25381,32090965.0,gujarat
2022-07-01,2022-09-28,31302,37557227.0,gujarat
2022-10-01,2022-12-28,36418,50629325.0,gujarat
2023-01-01,2023-03-28,32600,46937694.0,gujarat
2023-04-01,2023-06-28,32484,46254095.0,gujarat
2023-07-01,2023-09-28,51049,65768085.0,gujarat
2023-10-01,2023-12-28,41128,66735446.0,gujarat
2024-01-01,2024-03-28,44665,62633910.0,gujarat
2024-04-01,2024-06-28,44007,63866463.0,gujarat
2024-07-01,2024-09-28,46763,70950327.0,gujarat
2024-10-01,2024-12-28,62526,91858105.0,gujarat
2020-04-01,2020-06-28,6321,1179814.0,haryana
2020-07-01,2020-09-28,7139,1884868.0,haryana
2020-10-01,2020-12-28,8283,5974278.0,haryana
2021-01-01,2021-03-28,11038,7297880.0,haryana
2021-04-01,2021-06-28,12516,11272453.0,haryana
2021-07-01,2021-09-28,14163,13215898.0,haryana
2021-10-01,2021-12-28,19489,25885838.0,haryana
2022-01-01,2022-03-28,22783,32526943.0,haryana
2022-04-01,2022-06-28,25352,33759068.0,haryana
2022-07-01,2022-09-28,35346,45402800.0,haryana
2022-10-01,2022-12-28,37971,56627115.0,haryana
2023-01-01,2023-03-28,37287,61127194.0,haryana
2023-04-01,2023-06-28,40710,62186066.0,haryana
2023-07-01,2023-09-28,42815,61782311.0,haryana
2023-10-01,2023-12-28,47506,80747159.0,haryana
2024-01-01,2024-03-28,50391,81816509.0,haryana
2024-04-01,2024-06-28,46085,74779879.0,haryana
2024-07-01,2024-09-28,49735,79198642.0,haryana
2024-10-01,2024-12-28,58808,94316512.0,haryana
2020-04-01,2020-06-28,392,77936.0,himachal-pradesh
2020-07-01,2020-09-28,531,165559.0,himachal-pradesh
2020-10-01,2020-12-28,710,630966.0,himachal-pradesh
2021-01-01,2021-03-28,1064,906492.0,himachal-pradesh
2021-04-01,2021-06-28,1210,1402338.0,himachal-pradesh
2021-07-01,2021-09-28,1759,2444545.0,himachal-pradesh
2021-10-01,2021-12-28,2474,4667661.0,himachal-pradesh
2022-01-01,2022-03-28,2768,5234739.0,himachal-pradesh
2022-04-01,2022-06-28,2831,5371078.0,himachal-pradesh
2022-07-01,2022-09-28,3641,6161692.0,himachal-pradesh
2022-10-01,2022-12-28,4565,9060436.0,himachal-pradesh
2023-01-01,2023-03-28,3909,7826133.0,himachal-pradesh
2023-04-01,2023-06-28,4197,8499425.0,himachal-pradesh
2023-07-01,2023-09-28,3935,7869767.0,himachal-pradesh
2023-10-01,2023-12-28,5211,11898824.0,himachal-pradesh
2024-01-01,2024-03-28,5430,10433254.0,himachal-pradesh
2024-04-01,2024-06-28,5194,10008705.0,himachal-pradesh
2024-07-01,2024-09-28,5272,10538999.0,himachal-pradesh
2024-10-01,2024-12-28,6697,14090523.0,himachal-pradesh
2020-04-01,2020-06-28,206,48484.0,jammu-&-kashmir
2020-07-01,2020-09-28,441,133339.0,jammu-&-kashmir
2020-10-01,2020-12-28,647,734861.0,jammu-&-kashmir
2021-01-01,2021-03-28,1105,1546288.0,jammu-&-kashmir
2021-04-01,2021-06-28,1197,1832089.0,jammu-&-kashmir
2021-07-01,2021-09-28,1452,2139133.0,jammu-&-kashmir
2021-10-01,2021-12-28,3113,5223317.0,jammu-&-kashmir
2022-01-01,2022-03-28,3584,7244267.0,jammu-&-kashmir
2022-04-01,2022-06-28,4071,7729792.0,jammu-&-kashmir
2022-07-01,2022-09-28,4794,8281826.0,jammu-&-kashmir
2022-10-01,2022-12-28,5031,10111183.0,jammu-&-kashmir
2023-01-01,2023-03-28,4555,10275877.0,jammu-&-kashmir
2023-04-01,2023-06-28,5262,10974839.0,jammu-&-kashmir
2023-07-01,2023-09-28,5453,10975874.0,jammu-&-kashmir
2023-10-01,2023-12-28,6264,13932309.0,jammu-&-kashmir
2024-01-01,2024-03-28,7313,14695182.0,jammu-&-kashmir
2024-04-01,2024-06-28,7397,14237707.0,jammu-&-kashmir
2024-07-01,2024-09-28,7597,15554635.0,jammu-&-kashmir
2024-10-01,2024-12-28,8893,18252110.0,jammu-&-kashmir
2020-04-01,2020-06-28,2063,405031.0,jharkhand
2020-07-01,2020-09-28,5368,1349934.0,jharkhand
2020-10-01,2020-12-28,3659,2857024.0,jharkhand
2021-01-01,2021-03-28,4879,3274851.0,jharkhand
2021-04-01,2021-06-28,5180,5084230.0,jharkhand
2021-07-01,2021-09-28,6794,7046048.0,jharkhand
2021-10-01,2021-12-28,8465,11190423.0,jharkhand
2022-01-01,2022-03-28,9373,13819466.0,jharkhand
2022-04-01,2022-06-28,9477,13464840.0,jharkhand
2022-07-01,2022-09-28,14388,18156857.0,jharkhand
2022-10-01,2022-12-28,16779,23147805.0,jharkhand
2023-01-01,2023-03-28,16108,23823406.0,jharkhand
2023-04-01,2023-06-28,16662,23216215.0,jharkhand
2023-07-01,2023-09-28,19478,25165702.0,jharkhand
2023-10-01,2023-12-28,22398,33484644.0,jharkhand
2024-01-01,2024-03-28,24824,34332990.0,jharkhand
2024-04-01,2024-06-28,22224,32245129.0,jharkhand
2024-07-01,2024-09-28,23629,34353146.0,jharkhand
2024-10-01,2024-12-28,29079,42253614.0,jharkhand
2020-04-01,2020-06-28,27358,4794150.0,karnataka
2020-07-01,2020-09-28,53701,12407394.0,karnataka
2020-10-01,2020-12-28,31747,26814968.0,karnataka
2021-01-01,2021-03-28,37595,30183325.0,karnataka
2021-04-01,2021-06-28,40969,39501006.0,karnataka
2021-07-01,2021-09-28,47468,48078366.0,karnataka
2021-10-01,2021-12-28,74436,90723288.0,karnataka
2022-01-01,2022-03-28,95640,130733580.0,karnataka
2022-04-01,2022-06-28,93385,123228632.0,karnataka
2022-07-01,2022-09-28,110273,144605784.0,karnataka
2022-10-01,2022-12-28,133971,185063287.0,karnataka
2023-01-01,2023-03-28,127376,186543426.0,karnataka
2023-04-01,2023-06-28,117232,175704013.0,karnataka
2023-07-01,2023-09-28,139699,199448538.0,karnataka
2023-10-01,2023-12-28,156076,248056311.0,karnataka
2024-01-01,2024-03-28,169357,264708700.0,karnataka
2024-04-01,2024-06-28,142599,239304982.0,karnataka
2024-07-01,2024-09-28,174990,287393291.0,karnataka
2024-10-01,2024-12-28,183532,305861806.0,karnataka
2020-04-01,2020-06-28,1588,360216.0,kerala
2020-07-01,2020-09-28,8811,2830361.0,kerala
2020-10-01,2020-12-28,5479,4445525.0,kerala
2021-01-01,2021-03-28,5731,5040506.0,kerala
2021-04-01,2021-06-28,9530,9676588.0,kerala
2021-07-01,2021-09-28,10926,13255646.0,kerala
2021-10-01,2021-12-28,19199,31260319.0,kerala
2022-01-01,2022-03-28,37110,64172190.0,kerala
2022-04-01,2022-06-28,35667,59920203.0,kerala
2022-07-01,2022-09-28,54587,85390924.0,kerala
2022-10-01,2022-12-28,65563,103982997.0,kerala
2023-01-01,2023-03-28,62377,101786828.0,kerala
2023-04-01,2023-06-28,61032,100620604.0,kerala
2023-07-01,2023-09-28,66059,110021582.0,kerala
2023-10-01,2023-12-28,73543,121905046.0,kerala
2024-01-01,2024-03-28,73106,115101791.0,kerala
2024-04-01,2024-06-28,65271,108142369.0,kerala
2024-07-01,2024-09-28,79123,131721699.0,kerala
2024-10-01,2024-12-28,89533,144083113.0,kerala
2020-04-01,2020-06-28,14,2538.0,ladakh
2020-07-01,2020-09-28,33,10260.0,ladakh
2020-10-01,2020-12-28,27,34206.0,ladakh
2021-01-01,2021-03-28,32,34530.0,ladakh
2021-04-01,2021-06-28,46,86251.0,ladakh
2021-07-01,2021-09-28,192,174052.0,ladakh
2021-10-01,2021-12-28,76,195966.0,ladakh
2022-01-01,2022-03-28,75,193935.0,ladakh
2022-04-01,2022-06-28,113,269446.0,ladakh
2022-07-01,2022-09-28,137,369742.0,ladakh
2022-10-01,2022-12-28,162,410091.0,ladakh
2023-01-01,2023-03-28,161,495736.0,ladakh
2023-04-01,2023-06-28,215,635831.0,ladakh
2023-07-01,2023-09-28,232,649027.0,ladakh
2023-10-01,2023-12-28,242,718967.0,ladakh
2024-01-01,2024-03-28,291,614435.0,ladakh
2024-04-01,2024-06-28,415,964349.0,ladakh
2024-07-01,2024-09-28,446,978637.0,ladakh
2024-10-01,2024-12-28,429,970334.0,ladakh
2020-07-01,2020-09-28,4,1199.0,lakshadweep
2021-01-01,2021-03-28,4,5225.0,lakshadweep
2021-04-01,2021-06-28,5,6962.0,lakshadweep
2021-07-01,2021-09-28,19,16034.0,lakshadweep
2021-10-01,2021-12-28,11,17096.0,lakshadweep
2022-01-01,2022-03-28,27,34664.0,lakshadweep
2022-04-01,2022-06-28,18,27463.0,lakshadweep
2022-07-01,2022-09-28,38,41504.0,lakshadweep
2022-10-01,2022-12-28,15,27135.0,lakshadweep
2023-01-01,2023-03-28,26,30199.0,lakshadweep
2023-04-01,2023-06-28,15,38384.0,lakshadweep
2023-07-01,2023-09-28,12,12407.0,lakshadweep
2023-10-01,2023-12-28,53,78346.0,lakshadweep
2024-01-01,2024-03-28,15,12935.0,lakshadweep
2024-04-01,2024-06-28,26,33630.0,lakshadweep
2024-07-01,2024-09-28,49,55312.0,lakshadweep
2024-10-01,2024-12-28,159,185542.0,lakshadweep
2020-04-01,2020-06-28,6283,1198701.0,madhya-pradesh
2020-07-01,2020-09-28,14476,3496126.0,madhya-pradesh
2020-10-01,2020-12-28,10653,4897124.0,madhya-pradesh
2021-01-01,2021-03-28,14427,5567927.0,madhya-pradesh
2021-04-01,2021-06-28,14803,9787391.0,madhya-pradesh
2021-07-01,2021-09-28,11990,7806258.0,madhya-pradesh
2021-10-01,2021-12-28,15069,17524432.0,madhya-pradesh
2022-01-01,2022-03-28,13791,19901462.0,madhya-pradesh
2022-04-01,2022-06-28,14629,20159098.0,madhya-pradesh
2022-07-01,2022-09-28,22733,29185118.0,madhya-pradesh
2022-10-01,2022-12-28,29234,42712883.0,madhya-pradesh
2023-01-01,2023-03-28,26393,45135679.0,madhya-pradesh
2023-04-01,2023-06-28,27027,44871764.0,madhya-pradesh
2023-07-01,2023-09-28,29300,46963348.0,madhya-pradesh
2023-10-01,2023-12-28,40784,73801070.0,madhya-pradesh
2024-01-01,2024-03-28,51223,85215982.0,madhya-pradesh
2024-04-01,2024-06-28,41429,73836667.0,madhya-pradesh
2024-07-01,2024-09-28,43248,77995668.0,madhya-pradesh
2024-10-01,2024-12-28,59688,101096769.0,madhya-pradesh
2020-04-01,2020-06-28,39836,6879717.0,maharashtra
2020-07-01,2020-09-28,71662,19230156.0,maharashtra
2020-10-01,2020-12-28,44798,27113814.0,maharashtra
2021-01-01,2021-03-28,55792,33137753.0,maharashtra
2021-04-01,2021-06-28,70381,46763103.0,maharashtra
2021-07-01,2021-09-28,52268,41313307.0,maharashtra
2021-10-01,2021-12-28,82423,93262227.0,maharashtra
2022-01-01,2022-03-28,88015,117411928.0,maharashtra
2022-04-01,2022-06-28,80935,104603934.0,maharashtra
2022-07-01,2022-09-28,90958,113835208.0,maharashtra
2022-10-01,2022-12-28,125900,174915648.0,maharashtra
2023-01-01,2023-03-28,112174,166596248.0,maharashtra
2023-04-01,2023-06-28,102754,157303399.0,maharashtra
2023-07-01,2023-09-28,104872,151171882.0,maharashtra
2023-10-01,2023-12-28,136968,217657114.0,maharashtra
2024-01-01,2024-03-28,149016,224725389.0,maharashtra
2024-04-01,2024-06-28,118933,198945046.0,maharashtra
2024-07-01,2024-09-28,119776,201319952.0,maharashtra
2024-10-01,2024-12-28,168078,266942711.0,maharashtra
2020-04-01,2020-06-28,55,12554.0,manipur
2020-07-01,2020-09-28,134,45164.0,manipur
2020-10-01,2020-12-28,90,49057.0,manipur
2021-01-01,2021-03-28,136,72254.0,manipur
2021-04-01,2021-06-28,127,81332.0,manipur
2021-07-01,2021-09-28,111,133016.0,manipur
2021-10-01,2021-12-28,145,271789.0,manipur
2022-01-01,2022-03-28,177,517854.0,manipur
2022-04-01,2022-06-28,218,553649.0,manipur
2022-07-01,2022-09-28,200,403213.0,manipur
2022-10-01,2022-12-28,271,620655.0,manipur
2023-01-01,2023-03-28,222,632084.0,manipur
2023-04-01,2023-06-28,123,341671.0,manipur
2023-07-01,2023-09-28,76,193021.0,manipur
2023-10-01,2023-12-28,225,476626.0,manipur
2024-01-01,2024-03-28,385,685052.0,manipur
2024-04-01,2024-06-28,346,647411.0,manipur
2024-07-01,2024-09-28,285,587893.0,manipur
2024-10-01,2024-12-28,405,826159.0,manipur
2020-04-01,2020-06-28,41,8829.0,meghalaya
2020-07-01,2020-09-28,112,33615.0,meghalaya
2020-10-01,2020-12-28,92,71029.0,meghalaya
2021-01-01,2021-03-28,107,128776.0,meghalaya
2021-04-01,2021-06-28,139,148434.0,meghalaya
2021-07-01,2021-09-28,139,214554.0,meghalaya
2021-10-01,2021-12-28,263,451612.0,meghalaya
2022-01-01,2022-03-28,337,729211.0,meghalaya
2022-04-01,2022-06-28,379,789094.0,meghalaya
2022-07-01,2022-09-28,600,1039491.0,meghalaya
2022-10-01,2022-12-28,627,1189529.0,meghalaya
2023-01-01,2023-03-28,562,1187523.0,meghalaya
2023-04-01,2023-06-28,730,1551577.0,meghalaya
2023-07-01,2023-09-28,809,1728076.0,meghalaya
2023-10-01,2023-12-28,806,1843364.0,meghalaya
2024-01-01,2024-03-28,1030,1987107.0,meghalaya
2024-04-01,2024-06-28,1235,2318007.0,meghalaya
2024-07-01,2024-09-28,1140,2443878.0,meghalaya
2024-10-01,2024-12-28,1313,2493656.0,meghalaya
2020-04-01,2020-06-28,31,7322.0,mizoram
2020-07-01,2020-09-28,74,24691.0,mizoram
2020-10-01,2020-12-28,81,119124.0,mizoram
2021-01-01,2021-03-28,415,302841.0,mizoram
2021-04-01,2021-06-28,187,124805.0,mizoram
2021-07-01,2021-09-28,81,83641.0,mizoram
2021-10-01,2021-12-28,100,175847.0,mizoram
2022-01-01,2022-03-28,85,189428.0,mizoram
2022-04-01,2022-06-28,76,115090.0,mizoram
2022-07-01,2022-09-28,310,471306.0,mizoram
2022-10-01,2022-12-28,350,612551.0,mizoram
2023-01-01,2023-03-28,171,326688.0,mizoram
2023-04-01,2023-06-28,119,232928.0,mizoram
2023-07-01,2023-09-28,166,271799.0,mizoram
2023-10-01,2023-12-28,312,557950.0,mizoram
2024-01-01,2024-03-28,277,427693.0,mizoram
2024-04-01,2024-06-28,214,331455.0,mizoram
2024-07-01,2024-09-28,186,275746.0,mizoram
2024-10-01,2024-12-28,489,811687.0,mizoram
2020-04-01,2020-06-28,41,9791.0,nagaland
2020-07-01,2020-09-28,89,20798.0,nagaland
2020-10-01,2020-12-28,62,38836.0,nagaland
2021-01-01,2021-03-28,79,42973.0,nagaland
2021-04-01,2021-06-28,85,139479.0,nagaland
2021-07-01,2021-09-28,91,123643.0,nagaland
2021-10-01,2021-12-28,183,341424.0,nagaland
2022-01-01,2022-03-28,242,529223.0,nagaland
2022-04-01,2022-06-28,186,380878.0,nagaland
2022-07-01,2022-09-28,210,439669.0,nagaland
2022-10-01,2022-12-28,367,700864.0,nagaland
2023-01-01,2023-03-28,320,704957.0,nagaland
2023-04-01,2023-06-28,269,628890.0,nagaland
2023-07-01,2023-09-28,268,632287.0,nagaland
2023-10-01,2023-12-28,331,822973.0,nagaland
2024-01-01,2024-03-28,526,925684.0,nagaland
2024-04-01,2024-06-28,418,685292.0,nagaland
2024-07-01,2024-09-28,410,820539.0,nagaland
2024-10-01,2024-12-28,568,1168417.0,nagaland
2020-04-01,2020-06-28,2981,615193.0,odisha
2020-07-01,2020-09-28,10955,2640191.0,odisha
2020-10-01,2020-12-28,7526,4208701.0,odisha
2021-01-01,2021-03-28,8236,4383330.0,odisha
2021-04-01,2021-06-28,7942,5832924.0,odisha
2021-07-01,2021-09-28,7967,6008686.0,odisha
2021-10-01,2021-12-28,9093,10941626.0,odisha
2022-01-01,2022-03-28,9627,14539309.0,odisha
2022-04-01,2022-06-28,12371,16631095.0,odisha
2022-07-01,2022-09-28,18898,23308531.0,odisha
2022-10-01,2022-12-28,24538,33565401.0,odisha
2023-01-01,2023-03-28,18899,29360555.0,odisha
2023-04-01,2023-06-28,22163,31307110.0,odisha
2023-07-01,2023-09-28,20263,29008350.0,odisha
2023-10-01,2023-12-28,25065,39753392.0,odisha
2024-01-01,2024-03-28,27977,40032495.0,odisha
2024-04-01,2024-06-28,24579,36840474.0,odisha
2024-07-01,2024-09-28,26524,40608651.0,odisha
2024-10-01,2024-12-28,33165,46973224.0,odisha
2020-04-01,2020-06-28,112,22251.0,puducherry
2020-07-01,2020-09-28,191,58399.0,puducherry
2020-10-01,2020-12-28,234,197955.0,puducherry
2021-01-01,2021-03-28,372,351827.0,puducherry
2021-04-01,2021-06-28,526,508277.0,puducherry
2021-07-01,2021-09-28,561,556442.0,puducherry
2021-10-01,2021-12-28,786,946607.0,puducherry
2022-01-01,2022-03-28,1199,1663404.0,puducherry
2022-04-01,2022-06-28,1156,1597786.0,puducherry
2022-07-01,2022-09-28,1585,2025529.0,puducherry
2022-10-01,2022-12-28,2331,2693130.0,puducherry
2023-01-01,2023-03-28,1955,2593091.0,puducherry
2023-04-01,2023-06-28,1809,2614006.0,puducherry
2023-07-01,2023-09-28,2232,2891647.0,puducherry
2023-10-01,2023-12-28,2447,3419395.0,puducherry
2024-01-01,2024-03-28,2702,3793554.0,puducherry
2024-04-01,2024-06-28,2304,3322997.0,puducherry
2024-07-01,2024-09-28,2600,3968523.0,puducherry
2024-10-01,2024-12-28,2838,3896033.0,puducherry
2020-04-01,2020-06-28,2036,399452.0,punjab
2020-07-01,2020-09-28,2488,684753.0,punjab
2020-10-01,2020-12-28,2451,1884291.0,punjab
2021-01-01,2021-03-28,3783,2558380.0,punjab
2021-04-01,2021-06-28,4047,3768919.0,punjab
2021-07-01,2021-09-28,4887,5271559.0,punjab
2021-10-01,2021-12-28,6638,9912828.0,punjab
2022-01-01,2022-03-28,7475,13155682.0,punjab
2022-04-01,2022-06-28,9175,15465367.0,punjab
2022-07-01,2022-09-28,12370,19381895.0,punjab
2022-10-01,2022-12-28,12187,21727831.0,punjab
2023-01-01,2023-03-28,10816,23330966.0,punjab
2023-04-01,2023-06-28,13187,24998175.0,punjab
2023-07-01,2023-09-28,14048,24461488.0,punjab
2023-10-01,2023-12-28,13777,28715828.0,punjab
2024-01-01,2024-03-28,14729,28213940.0,punjab
2024-04-01,2024-06-28,14129,27164397.0,punjab
2024-07-01,2024-09-28,15509,30111034.0,punjab
2024-10-01,2024-12-28,16279,31878987.0,punjab
2020-04-01,2020-06-28,5373,1095933.0,rajasthan
2020-07-01,2020-09-28,15235,3758527.0,rajasthan
2020-10-01,2020-12-28,12509,6471573.0,rajasthan
2021-01-01,2021-03-28,17800,8074225.0,rajasthan
2021-04-01,2021-06-28,18281,14357445.0,rajasthan
2021-07-01,2021-09-28,16643,12793862.0,rajasthan
2021-10-01,2021-12-28,19375,24455262.0,rajasthan
2022-01-01,2022-03-28,21517,31576932.0,rajasthan
2022-04-01,2022-06-28,24333,33748931.0,rajasthan
2022-07-01,2022-09-28,33975,45565544.0,rajasthan
2022-10-01,2022-12-28,40926,60792838.0,rajasthan
2023-01-01,2023-03-28,34415,61441050.0,rajasthan
2023-04-01,2023-06-28,37170,61301449.0,rajasthan
2023-07-01,2023-09-28,39960,64328784.0,rajasthan
2023-10-01,2023-12-28,49741,94701652.0,rajasthan
2024-01-01,2024-03-28,59127,102926410.0,rajasthan
2024-04-01,2024-06-28,55241,95504657.0,rajasthan
2024-07-01,2024-09-28,64533,108827800.0,rajasthan
2024-10-01,2024-12-28,73530,127930986.0,rajasthan
2020-04-01,2020-06-28,21,4789.0,sikkim
2020-07-01,2020-09-28,94,28000.0,sikkim
2020-10-01,2020-12-28,67,70214.0,sikkim
2021-01-01,2021-03-28,122,111777.0,sikkim
2021-04-01,2021-06-28,93,122064.0,sikkim
2021-07-01,2021-09-28,106,140552.0,sikkim
2021-10-01,2021-12-28,195,503532.0,sikkim
2022-01-01,2022-03-28,239,685987.0,sikkim
2022-04-01,2022-06-28,160,383709.0,sikkim
2022-07-01,2022-09-28,243,474940.0,sikkim
2022-10-01,2022-12-28,306,667214.0,sikkim
2023-01-01,2023-03-28,260,688605.0,sikkim
2023-04-01,2023-06-28,270,628191.0,sikkim
2023-07-01,2023-09-28,251,698251.0,sikkim
2023-10-01,2023-12-28,324,793745.0,sikkim
2024-01-01,2024-03-28,400,880182.0,sikkim
2024-04-01,2024-06-28,685,1590554.0,sikkim
2024-07-01,2024-09-28,461,1029398.0,sikkim
2024-10-01,2024-12-28,599,1381680.0,sikkim
2020-04-01,2020-06-28,5473,1075552.0,tamil-nadu
2020-07-01,2020-09-28,8026,2257373.0,tamil-nadu
2020-10-01,2020-12-28,10290,8993575.0,tamil-nadu
2021-01-01,2021-03-28,14406,11180849.0,tamil-nadu
2021-04-01,2021-06-28,17682,16444344.0,tamil-nadu
2021-07-01,2021-09-28,23107,23402918.0,tamil-nadu
2021-10-01,2021-12-28,33037,42184290.0,tamil-nadu
2022-01-01,2022-03-28,47621,64969045.0,tamil-nadu
2022-04-01,2022-06-28,46714,61835120.0,tamil-nadu
2022-07-01,2022-09-28,64356,79747520.0,tamil-nadu
2022-10-01,2022-12-28,125491,146457790.0,tamil-nadu
2023-01-01,2023-03-28,90690,116710222.0,tamil-nadu
2023-04-01,2023-06-28,79698,105328191.0,tamil-nadu
2023-07-01,2023-09-28,91069,114625593.0,tamil-nadu
2023-10-01,2023-12-28,104871,139433796.0,tamil-nadu
2024-01-01,2024-03-28,111521,148976175.0,tamil-nadu
2024-04-01,2024-06-28,97348,135972378.0,tamil-nadu
2024-07-01,2024-09-28,116867,162128271.0,tamil-nadu
2024-10-01,2024-12-28,127002,173784251.0,tamil-nadu
2020-04-01,2020-06-28,19003,3419453.0,telangana
2020-07-01,2020-09-28,34395,8406543.0,telangana
2020-10-01,2020-12-28,20961,11339099.0,telangana
2021-01-01,2021-03-28,28298,14810947.0,telangana
2021-04-01,2021-06-28,28870,20935651.0,telangana
2021-07-01,2021-09-28,27080,20925217.0,telangana
2021-10-01,2021-12-28,34848,38845492.0,telangana
2022-01-01,2022-03-28,36325,51942016.0,telangana
2022-04-01,2022-06-28,45600,58056956.0,telangana
2022-07-01,2022-09-28,51465,64798126.0,telangana
2022-10-01,2022-12-28,64655,88544127.0,telangana
2023-01-01,2023-03-28,54508,82678207.0,telangana
2023-04-01,2023-06-28,55118,79238968.0,telangana
2023-07-01,2023-09-28,61523,84397465.0,telangana
2023-10-01,2023-12-28,63993,105605522.0,telangana
2024-01-01,2024-03-28,67388,105607539.0,telangana
2024-04-01,2024-06-28,56941,96037304.0,telangana
2024-07-01,2024-09-28,64873,110715264.0,telangana
2024-10-01,2024-12-28,78498,124755619.0,telangana
2020-04-01,2020-06-28,88,22054.0,tripura
2020-07-01,2020-09-28,249,61642.0,tripura
2020-10-01,2020-12-28,244,149765.0,tripura
2021-01-01,2021-03-28,360,191531.0,tripura
2021-04-01,2021-06-28,381,409934.0,tripura
2021-07-01,2021-09-28,494,649961.0,tripura
2021-10-01,2021-12-28,702,1022508.0,tripura
2022-01-01,2022-03-28,907,1493401.0,tripura
2022-04-01,2022-06-28,1021,1509105.0,tripura
2022-07-01,2022-09-28,1590,2105984.0,tripura
2022-10-01,2022-12-28,1508,2112534.0,tripura
2023-01-01,2023-03-28,1642,2404958.0,tripura
2023-04-01,2023-06-28,1563,2163813.0,tripura
2023-07-01,2023-09-28,2071,2899393.0,tripura
2023-10-01,2023-12-28,2237,3169741.0,tripura
2024-01-01,2024-03-28,2637,3417568.0,tripura
2024-04-01,2024-06-28,2188,2869489.0,tripura
2024-07-01,2024-09-28,2516,3323343.0,tripura
2024-10-01,2024-12-28,2794,3765732.0,tripura
2020-04-01,2020-06-28,9884,1912266.0,uttar-pradesh
2020-07-01,2020-09-28,18131,4436969.0,uttar-pradesh
2020-10-01,2020-12-28,17470,14180417.0,uttar-pradesh
2021-01-01,2021-03-28,24103,18027573.0,uttar-pradesh
2021-04-01,2021-06-28,25952,25137571.0,uttar-pradesh
2021-07-01,2021-09-28,32799,32641118.0,uttar-pradesh
2021-10-01,2021-12-28,44132,59654951.0,uttar-pradesh
2022-01-01,2022-03-28,45996,73014969.0,uttar-pradesh
2022-04-01,2022-06-28,55133,77434953.0,uttar-pradesh
2022-07-01,2022-09-28,64514,87703512.0,uttar-pradesh
2022-10-01,2022-12-28,77022,116755813.0,uttar-pradesh
2023-01-01,2023-03-28,73080,127110494.0,uttar-pradesh
2023-04-01,2023-06-28,74194,122522457.0,uttar-pradesh
2023-07-01,2023-09-28,78940,121483170.0,uttar-pradesh
2023-10-01,2023-12-28,92125,165509877.0,uttar-pradesh
2024-01-01,2024-03-28,103701,176442664.0,uttar-pradesh
2024-04-01,2024-06-28,92458,159894258.0,uttar-pradesh
2024-07-01,2024-09-28,92930,157303596.0,uttar-pradesh
2024-10-01,2024-12-28,116589,199179867.0,uttar-pradesh
2020-04-01,2020-06-28,660,134899.0,uttarakhand
2020-07-01,2020-09-28,1403,418543.0,uttarakhand
2020-10-01,2020-12-28,1756,1961891.0,uttarakhand
2021-01-01,2021-03-28,2607,2719327.0,uttarakhand
2021-04-01,2021-06-28,2742,3265717.0,uttarakhand
2021-07-01,2021-09-28,4111,4646571.0,uttarakhand
2021-10-01,2021-12-28,5529,7849020.0,uttarakhand
2022-01-01,2022-03-28,5339,8824948.0,uttarakhand
2022-04-01,2022-06-28,5773,9168313.0,uttarakhand
2022-07-01,2022-09-28,6784,10070172.0,uttarakhand
2022-10-01,2022-12-28,8750,13817747.0,uttarakhand
2023-01-01,2023-03-28,7552,13599026.0,uttarakhand
2023-04-01,2023-06-28,8051,14034915.0,uttarakhand
2023-07-01,2023-09-28,7856,12636749.0,uttarakhand
2023-10-01,2023-12-28,10040,19045152.0,uttarakhand
2024-01-01,2024-03-28,11533,19531483.0,uttarakhand
2024-04-01,2024-06-28,10311,17754447.0,uttarakhand
2024-07-01,2024-09-28,10487,17860144.0,uttarakhand
2024-10-01,2024-12-28,13090,23367549.0,uttarakhand
2020-04-01,2020-06-28,7619,1432764.0,west-bengal
2020-07-01,2020-09-28,12596,2878482.0,west-bengal
2020-10-01,2020-12-28,10233,7510455.0,west-bengal
2021-01-01,2021-03-28,15488,11172042.0,west-bengal
2021-04-01,2021-06-28,15200,12396029.0,west-bengal
2021-07-01,2021-09-28,24839,21424337.0,west-bengal
2021-10-01,2021-12-28,26320,31282871.0,west-bengal
2022-01-01,2022-03-28,38779,51160527.0,west-bengal
2022-04-01,2022-06-28,33542,41737021.0,west-bengal
2022-07-01,2022-09-28,47853,59092307.0,west-bengal
2022-10-01,2022-12-28,54277,70466433.0,west-bengal
2023-01-01,2023-03-28,56833,77461732.0,west-bengal
2023-04-01,2023-06-28,49792,65204280.0,west-bengal
2023-07-01,2023-09-28,58131,76359312.0,west-bengal
2023-10-01,2023-12-28,72712,100365562.0,west-bengal
2024-01-01,2024-03-28,79576,104987909.0,west-bengal
2024-04-01,2024-06-28,67048,89476633.0,west-bengal
2024-07-01,2024-09-28,77158,107451766.0,west-bengal
2024-10-01,2024-12-28,91719,120602777.0,west-bengal
